Country,Tree_Cover_Loss_percent,CO2_Emission_mt,Rainfall_mm,Population_Million,GDP_Billion_USD,Deforestation_Policy_Strictness,Corruption_Index,Protected_Area_percent,Forest_Loss_Area_km2
Canada,1.636545645655396,598.9270123504656,917.8299144929446,168.4968216689449,1054.7822914148105,Medium,21.434672482796525,13.357988240233354,12193.378693700326
Tanzania,13.548038309525543,163.6772892971673,919.6195704937847,6.542735995159257,261.55007210057045,Low,32.431113272391556,21.762901919905964,4771.260833792114
Russia,7.628260349473071,535.4450442155136,513.6814234939832,229.49227420828768,1258.4052399409345,Medium,86.814165123736,46.788375295192736,12854.309031263461
Myanmar,12.41421624500535,1499.2997463272611,2682.8462467034856,15.416849707370526,968.091610437011,Low,38.115263127626136,7.781380731015019,10323.839750320734
Canada,4.868739055356115,1111.418921421995,2457.794035627596,224.99146590571348,2047.5058872182776,Low,46.57034954129118,9.156223765012033,8876.116203637928
Colombia,13.443296104593387,2242.41210658474,1871.355714824423,64.73176524874503,1837.0487858854365,Low,27.900911336099988,12.325594514280322,27960.994963807316
Nigeria,5.89910501313903,2061.864548172258,3016.928391804511,287.63167663521716,1125.551498182743,Low,36.677097856112766,31.784577535709364,24009.595370109957
Canada,0.2614810070564456,920.3616440749023,2897.577474145165,113.54252163411492,692.7830350522208,Medium,58.94184280851538,11.771252195269886,0.0
Russia,13.590191448647028,722.6162402351019,2214.5985296299314,101.44482681973334,2964.706100158996,Medium,65.58145123217395,48.563437165283005,0.0
Myanmar,1.4601714841133902,1011.2617796014406,3091.6409695911016,48.92197484807118,1389.304782528539,Low,38.40142356246583,25.102153726633414,2297.1780087314874
Tanzania,4.857773200097181,1516.7078620355385,1038.1077511139815,95.1532435696134,2080.4089955516993,Low,24.32991194188379,27.568308215757487,13593.198021571743
Russia,14.255923309056993,743.352737974903,746.9508201329564,263.6119747393192,464.6312543561643,Medium,49.327465184554896,16.09963771124329,17581.367498977677
Russia,14.264046489369585,1597.9573788379216,1236.2237957026678,298.91862960003795,1482.4896139952234,High,37.56525281947506,26.19321135956301,29702.323920322564
Nigeria,8.644224533036963,1082.587965258977,576.9692538768761,113.65131149952026,131.23332361492317,High,36.466544242235145,34.78611346866552,19769.664416701737
DRC,9.514374461330009,1424.9132340447525,2046.6255368031993,137.34013613159004,1541.0925978358273,Medium,91.98971020350915,38.802971162931925,19761.254472462755
Myanmar,6.7818382774769645,1146.70366992476,3303.4776461143806,218.01092676980744,2893.8513509972217,Low,66.2225364444293,38.924063721946084,1962.6643585842694
Indonesia,4.468840498301161,806.7178229006024,521.9649760723798,266.427755237197,1183.4098033081107,Low,61.76588323790719,31.005100071233976,27761.19135576414
Russia,4.997101726011747,2376.287936709176,778.540733431083,179.9480785851013,165.0382370959892,High,51.183132764249144,45.69618987472357,27507.846931278134
DRC,10.120524995547873,1932.653905983426,1801.8169876786494,120.50008096245965,141.3195832120634,High,52.17082500726082,41.78335312877492,6626.3332460406855
Indonesia,11.310380488621432,436.2716218394861,3295.012554336505,126.723443050344,1194.560941843265,Medium,60.56787528785606,39.06716516143815,0.0
Myanmar,11.894527751515144,2184.323142154991,1380.0839254279267,210.20735321655803,522.0735625664224,High,72.23223552770804,7.502248475620728,28710.271981732243
Brazil,11.865310327638852,1269.8348757988329,1972.4279069340166,5.949387763262211,118.88868416814844,Medium,72.6609572136372,5.309508299884219,419.4360974847759
Colombia,1.4589709354254865,2246.9253445458194,528.8758630562155,187.778854550653,2280.8301611530214,High,32.877043077908716,14.560127473796284,29759.90580416681
DRC,7.466862540068464,2019.6526142735565,859.8639229824755,109.87043808020043,1402.6428762015776,High,57.508456405747026,34.85856172610535,24807.24456165151
Australia,0.9576255242479998,1120.5124107261604,3458.5533811724254,239.28821272673986,903.2720773193308,High,50.89685712755765,23.503886999714563,6496.746536016773
Brazil,8.287980346623659,153.92633996828175,3391.867958951741,32.43223874782399,2705.245389898618,Low,85.28952247020382,23.10828166846903,0.0
Colombia,6.678804470463318,744.8256625238706,415.3139408966698,178.5196687497752,392.60993259155055,Low,67.35641909137823,44.806409970332616,10064.882616044333
Nigeria,13.326792323098667,1399.9221151860806,3350.6165348120408,146.8870025164065,2869.9605454181915,Low,59.93780498119864,45.30032816593274,6498.341794133549
Canada,5.328633687025972,1620.3477275827534,2381.2718072280513,194.4860301420421,976.2018162631908,High,28.654598163418804,45.91288688241136,4556.270753768271
Tanzania,1.8442985447713276,718.9304450396855,3090.5467130120687,24.131810372475663,2670.7908333106097,Medium,65.42284169925586,19.124513443176227,0.0
Australia,2.2305760625872546,434.45457777477793,1809.6935524649632,176.09521729129872,1828.6814856144115,Medium,28.790292926017507,36.09751157326678,325.6271224646216
Nigeria,11.446508412590337,2103.832568318318,1998.3476885956757,170.6379534480595,2488.786711237388,Medium,45.29049316743141,17.22349315734663,19740.315450086142
Myanmar,9.31144914341229,2462.565233688525,1915.4243987964526,170.39472785277042,2952.8388314708695,Medium,30.71314736107489,13.57744248835024,23423.01215982741
Nigeria,1.6067278742295747,1361.656437526446,2467.2791983929233,183.02886164595418,900.7960415652999,Low,71.90552352682766,13.308460580631614,17388.560543571108
Canada,1.353191411113462,512.0302860359284,832.9188897445699,204.55804148177685,2885.3496819523994,Low,35.46890853771144,20.394842938861732,20165.06412810462
Myanmar,10.544440058740888,753.5375836464855,492.91812860530166,242.47175490582708,1198.9715899621401,High,49.389452989101954,24.348092890091976,13087.162327217906
Australia,1.1841687948264836,144.13762371392016,1354.5828189326917,84.59711243782323,1187.2601189739207,High,87.1756083214084,42.392712697478075,11477.749140359305
Canada,12.345714883426307,2294.3171357451974,2584.510364483605,248.38957600311832,1054.1419575507916,Medium,35.32372875492277,10.395099206272043,19603.332200230387
Indonesia,10.623009184631794,382.6025989363387,1025.7457015811399,151.98542626771882,1647.1524416753764,Low,58.085379796908434,38.07166313277024,8901.764103366331
Tanzania,1.3120968315643067,1483.6395412342085,2487.6405433072437,27.732192344627695,504.7278773765369,Medium,51.44537458745165,28.91547113851874,7882.478496402389
Australia,1.3640819398693598,757.7325296492944,3406.7273429325382,22.272524126973863,1683.448881806133,High,21.35930307842973,17.95754042041966,4521.007643444369
Indonesia,14.800929719667515,1430.027206037904,691.092218947197,103.60030401533794,1648.029196609512,High,79.45685851796097,27.176881303977108,15697.120233135462
Colombia,5.676634856766192,1663.408932044474,2485.0665664978915,236.54460824788293,2297.6103471843667,Medium,25.17844297359498,18.49739313996602,7807.650124667016
Australia,5.622567991296674,2091.380328897284,1775.6256798441705,213.76587574857015,2509.2673877158772,High,55.56912657327152,31.82368798572377,31842.93982534355
Colombia,12.210713552136788,595.4110522254477,3091.240988570267,237.6414145783599,1349.301983421651,Medium,62.050872120421246,24.52297652848599,74.63467795660017
Myanmar,14.214003803019494,126.38998878035315,949.1643472868963,157.59437165027475,941.8830855869065,Low,67.13198424609402,12.398248808549543,4603.813358387645
Indonesia,14.791415850960776,428.52551216513746,2547.14045190111,134.8587043968697,815.0379470854286,Medium,71.64737219809066,10.246238355006351,0.0
Tanzania,11.32533496035823,2260.0447404354522,2998.1573979091418,48.498495378353766,624.1403182793722,Low,38.99542876420363,29.601305693245855,9410.929181408019
Canada,5.706267824410645,2197.3361861500366,3328.304080369472,101.81686231474691,220.06036748712341,Low,20.748408249383704,45.608586497874654,6843.179141844657
Russia,1.3441606788101648,1533.79144520874,2518.068887697902,133.0357130212932,1060.2215375624044,High,74.2582746766184,20.478095895095848,15009.312987434958
Nigeria,11.679489047318809,1541.2404650407682,1941.2417684261247,31.137126755487085,847.2306917858106,High,60.174244951068395,37.985004825018045,9472.237643193359
Brazil,8.420223321063496,1696.0880189110133,2315.3264446237627,70.08052604980732,2900.9312883059015,High,82.70882774054365,34.63976097228951,7964.263297624599
Tanzania,6.420907937779947,520.891068696279,3093.6054518840265,181.47646174880296,1695.2410374376295,Medium,81.60412721755208,46.919971143926645,6242.190214804007
Indonesia,13.604680337911566,2294.5886702199036,2168.8902145803722,222.02061870056102,1074.4672651399974,Medium,83.24946258409125,41.94414577846134,26974.934195220958
Russia,1.7568424863616552,1105.0492597409755,494.1998850601943,299.51251586092013,1762.3794229314033,High,56.382099498465514,30.497236650745833,16016.34069788848
Tanzania,7.440114053933801,1019.5324677987938,3285.9409560716313,280.2684327463495,460.63026896980176,Medium,45.022129687764924,34.56637242053483,13728.221996001714
Indonesia,0.2691693070345441,1345.4024926788102,2537.5329281978397,194.55673386288152,1359.9290601464986,High,79.36686519435275,45.42739099628157,13799.542354036734
DRC,7.083043565712481,212.71832026013212,2497.1914959094643,129.26817572175122,1897.3912481921384,Medium,53.84705847719412,22.978345306412066,4673.708701415097
DRC,0.9389188076593765,499.08008501459057,1068.5929724329233,192.67232258892867,1492.2486037877316,Low,33.75816473025759,19.70576176359998,10913.784191048673
Colombia,1.8703869523942718,1871.280679423289,2442.5449577212376,236.76722733366844,1235.2474619302566,Low,84.12305146711057,5.486498763583835,16903.588163485467
Tanzania,1.8511410769788628,298.71680302030353,1620.9796575278913,39.90917632239926,2981.8527472541095,High,86.19199075792605,42.19479833861589,0.0
DRC,9.773233501529347,1547.5650627193318,2418.822228828625,125.92194246040503,2646.9285483393346,Medium,54.973231710512756,41.04413151815142,15346.43021178943
Indonesia,11.216068701054807,688.8378632351703,730.4383939547713,252.74167426250708,1889.0475765703484,Medium,25.67747954823406,9.700453314506813,12789.909463645909
Colombia,8.792194599947678,1034.3094737007436,2439.3204442694114,118.23072082024798,1729.663215487734,Low,49.086956743769846,30.958582150971512,3329.1533234480803
Indonesia,14.436370972270675,792.8649682496797,3498.182549889066,173.70232001202004,1880.948415482523,Low,80.26532445969525,25.87917641750993,422.3697674479879
Colombia,5.68557163490319,953.6145195158779,549.4573204677237,178.39196145434846,643.870718076178,High,87.63305214096715,10.341909297910016,12590.590178687231
Tanzania,4.357110085599724,1825.710172442189,3429.2399710860836,59.42049467442361,1215.6563426297398,Low,35.26045568731969,49.12557021773256,1358.123150189369
Russia,13.042127010022957,813.0921174956201,1661.4146782408989,111.85945528742508,166.405622028153,High,25.023020901895364,14.661314935850994,7030.262134200773
Canada,3.4315779939398445,1459.3711367125532,3099.3356960455035,103.68083017886998,1452.8608105861388,Low,85.8012839849629,8.025538104075252,12867.501653655443
Australia,14.452015837665108,1242.5209652778392,2825.395000580648,12.728029016959114,1651.9225226751064,Low,49.205370423415644,31.768132077585932,1996.5321369779551
Russia,0.2811016728782635,1692.8107968703555,2157.75040905867,12.136570347949796,721.8617215044683,Medium,60.632072320067245,38.24900047098647,8335.840313564606
Myanmar,14.551194517943822,2348.391374379419,2689.1925486791124,250.35062788435317,2893.8850991382656,Low,92.60493590380692,6.459955072123414,21177.27660196894
Indonesia,0.7430826880635841,1858.1730333046007,3123.3982400341783,85.55588894197966,2732.891102264864,Low,24.992354593566713,34.64229374271599,13468.106276382257
Myanmar,13.37803239410126,615.8569086178162,1652.8349971182022,157.83323604045054,2180.3225445949224,High,68.62385055890717,28.95313441781545,10012.298919111105
Russia,7.962746525385867,174.8395241470832,1413.80280084604,93.12404420868805,1623.4905548578197,Low,25.55790669311503,9.646925399377178,0.0
Colombia,14.895175462177574,729.4337063195802,2469.5394952471124,282.50037730902545,2616.4090209606707,High,48.160169634987525,12.763574462586293,15009.705834885643
Australia,1.1995688145574432,1528.1870336806116,2904.3224200179015,81.49254386540325,435.42441427921557,Low,80.2860908895085,30.558843379223624,10041.353464224361
Australia,8.35242883757968,223.42195236220084,2763.083917807509,131.74875975798585,2382.0038931109107,Low,52.51041745667258,18.336092608097978,0.0
Brazil,14.542607780724575,1291.2789932829671,2873.222311461767,262.4554238929575,418.22140120220246,High,94.78867654272128,47.224207789309226,14006.21858512935
Australia,7.894157878135217,1532.422837400534,1750.3082759200922,253.37040220358355,2392.921454520746,Medium,61.929446370995166,41.84331032678229,18635.226854499226
Canada,9.478039708215412,902.185337960706,2935.286070142567,59.89991826465181,863.514326341503,High,44.087161447696516,49.260524293114834,11830.723485715735
Australia,10.466655465870796,1950.1892889899725,772.6480716488861,241.77977638973456,2637.417214003657,High,36.508349442856485,16.685187752768627,31481.616250056013
Russia,6.872661865039821,355.8358075210523,2087.916203678634,140.16513158767833,2834.9241767849235,High,46.28904007146214,48.63756347590897,2449.5151125863363
Brazil,9.450615393252544,280.33067616594104,417.85184754417685,147.47581726517978,488.94810974509113,Medium,47.93999553196631,24.405524140620106,11889.353533540074
Russia,8.806283247654193,1847.653014888648,1406.2160726908378,44.376591862703414,1414.8930349429108,Low,25.153525829297074,20.638345789118958,21314.698094433865
Russia,13.527254356315735,1289.1791588948763,1536.0307581013335,28.777446558351773,2943.912765579921,High,47.71806495700798,7.265728713620896,7665.151352877596
Nigeria,0.7771510670877223,1752.1657514265664,1628.1353439886916,219.74209555726074,1476.0519361207826,High,54.81788898044187,7.374436603682118,19063.07575226972
Brazil,4.286351524924232,1143.585612648991,2555.948340738573,151.45603994481343,2597.465191417908,Medium,74.20533141791034,36.14050651759946,12676.492503062114
Russia,14.261131112740726,691.3648797738564,1604.5301139380717,133.87095727147798,1786.7579902873936,High,69.25471135412059,25.606804749531257,6787.464602239163
Nigeria,13.364930379974654,2065.845562418079,1790.950230129845,220.20492745245704,1157.2232283628255,Low,73.15742414218657,15.193473171624756,19559.1969250175
Nigeria,6.889285616507123,2018.5981095255502,1136.386805710415,230.82630520237737,893.0614888013171,Medium,20.627276140764284,32.628663784635464,20340.748452264932
Brazil,9.339975707242898,1767.2715300506243,1557.0805540509543,51.8779094624593,649.5081187039574,Low,36.3250549685402,16.378615321255005,21217.44240662831
Myanmar,4.232979626418877,753.1483293519104,1104.5358445157694,185.01641909590418,2297.3046645642066,Low,69.62632162998923,30.993428945499016,14006.637509231568
Colombia,2.9030052798840438,1516.553600485809,626.9073636821753,44.92945427191723,1190.2944951279321,Medium,56.299202613481036,21.164393614221066,13018.611058485498
Canada,7.009106233605734,966.3373526560644,2270.6906394822718,226.65565037856848,1558.262613492216,High,20.398510675125944,42.05985019753186,9082.983613121169
Colombia,5.364948197588187,319.7969759839219,2471.4596755205503,198.80177109880617,1502.3601660034867,Low,80.33709818238668,41.93132723450507,7228.096472690137
Australia,8.796476066577993,2301.5525811093826,2320.420072629805,287.2013132196201,1752.9731362377372,Low,77.9607179967753,26.48076791550806,26645.285069618843
Canada,1.2582460907782742,428.36471420550737,1836.8315357817744,25.34261482514425,2603.452579592429,Low,61.1314372245172,20.7868599200757,0.0
Australia,14.618482634225881,2380.569649169926,1577.3359185556124,21.831142739620024,2943.1810635711167,Low,24.984749433220408,21.315190845159254,19389.320779638434
Russia,14.794540092746082,1170.4138550990938,3076.334313672658,88.24518703449404,1252.37341529276,Medium,77.48862871494384,41.25715365506981,9101.12428366848
Indonesia,10.502609538894202,544.3190292126872,2009.153533922276,82.20317670209226,2491.180820213594,Medium,63.778519079852295,19.76807672589254,7128.2586198769295
Brazil,8.087835858527393,1400.5622737080596,1885.463820652166,77.85874572623995,2305.356994231417,Low,78.64699828684694,14.40767181680807,8034.001178050946
Canada,4.7119614826662835,2195.07000610338,479.4904039999506,272.3451012537058,1741.910406793941,High,76.38102442968804,8.810975384388808,41807.79711890188
Canada,12.225545793633534,1857.3397273829469,1457.8682656410847,78.6161289556043,2870.339073655203,Low,80.22515539683778,26.00119043979838,18686.366923667505
Russia,10.302494471052801,2035.7467548674792,1578.606418236157,85.22516920794614,641.3998208087883,High,58.85060498034686,26.695944451392883,24696.948786695357
Myanmar,2.5229923962388803,1681.0800801057217,1636.3506207803914,229.0224874132993,372.32942041338316,Low,30.524338864513624,42.84089196813082,23864.337383768405
Nigeria,13.672815048958253,1761.463754842846,2198.53434460473,137.6732535229093,2569.187802518495,High,70.33681050347664,14.95574134007288,8007.7486034912245
Russia,12.355804919555219,2138.069563756766,2054.167894853323,234.12961430177845,1345.4919590695574,Low,66.5355338788978,22.144607315077995,33546.09758229864
DRC,14.252018708049668,699.2032212620462,2284.5057876596784,24.283016481493647,2548.5581199108283,High,75.66898903993155,41.37825825021609,0.0
Nigeria,10.913220674986563,1274.619912743537,2771.138110780598,148.83350213364838,2684.616105326474,Low,32.74107545380515,42.06306248370381,10198.38506339804
Brazil,9.239886419443268,630.9026603670453,2920.25579001989,14.916012054068377,234.24990117626075,Low,34.62313999252169,22.30749841904457,0.0
Nigeria,6.331821240730221,2470.4032191919528,2626.181536302133,23.482695019329583,2656.221050808879,High,86.78071379144964,25.66058104790064,17877.313175509156
Myanmar,13.997654401974797,2365.742415247872,3362.1234574602977,272.39904873660123,1372.5412133397954,Medium,76.2483348839053,18.64786508821773,28268.848012237755
Nigeria,13.004351953556084,194.62434728441417,456.52100629672105,46.07738447969057,1555.775842562485,High,88.11713665252422,46.96496952886904,14287.623447912812
Brazil,0.7737581845822221,1793.3804140376524,1006.9117556189929,162.06410127118906,1898.4479077249703,Medium,76.90364908729406,10.338969458371114,30311.558872436246
Myanmar,0.4928679200090549,2320.595961797598,423.4449124322406,126.27320276720843,2782.828689853756,Low,64.78664794927263,47.01872403506615,32117.11815238358
Colombia,5.709304166482939,533.3808283056005,2407.171613879269,107.46628124635859,106.39247856780389,High,69.05995527709052,35.773990332590444,0.0
Canada,12.17724462864931,1463.0685533263106,3183.8947017449595,270.4508369777454,1456.6882315375603,High,86.68459429550074,28.920746870902903,15495.655654777709
Canada,14.810414326792673,2297.1719142113006,1154.7951193865279,11.437902048769402,2078.7800251701537,High,63.41050658839554,6.469657735302315,16709.40601920605
Australia,2.34121167744257,181.47034860591722,3273.8070888685506,200.81795742179878,2181.985525209774,Medium,67.42934932462906,26.401828631990373,0.0
Colombia,8.952547658746813,1773.808641392416,586.8289098976386,289.2013580929974,2092.9706730344687,Medium,31.735753700270045,23.34866472512295,24134.453216118447
Colombia,5.77527376380222,813.6376176941218,3296.7516830970944,170.24961412124338,446.5836317539595,Low,55.5440915087077,12.254846538880514,780.5866738196407
Nigeria,14.551724527437587,2318.550868903673,1490.0303304428667,281.3626262997621,933.2169856964597,Medium,73.72978339685741,34.538432157529556,29429.46643468588
Canada,12.647571954722059,2430.5397883968826,714.4045681925712,20.41607438937701,1108.2107999801897,Medium,40.32070237372741,48.70179083157286,20222.968053840417
Brazil,12.591097700195954,2366.239573872241,1906.2024534776094,128.5440291268776,2423.0897626545398,Low,35.169063539340115,30.29849649790363,18922.47590390268
Tanzania,7.083528080945057,1238.114119977913,1196.0073599335747,81.7465483338051,872.3416236229314,High,43.53701061683117,37.16389743997756,11115.268553365226
Tanzania,6.280810584831211,2168.9023623743524,1283.1059960819607,220.5921846693153,671.5796434082494,High,38.11254709946251,8.080270365470756,28877.45308502347
Myanmar,4.173765371767523,2126.918556484169,1352.5988912714884,294.4826416966878,2874.4716561623836,Low,36.118447777729685,23.795014811764762,17821.40868729327
Canada,0.939994900098814,865.8411357838136,2889.3802832812567,80.6763684210531,76.14669108473325,High,51.86381321510652,10.236131832402315,0.0
Canada,12.984363406200293,2089.397137961626,2071.399957693289,197.98150743485198,2993.5715242618357,Medium,88.08788854126506,32.575812599142964,21385.226919520992
Tanzania,12.212225036038156,188.8183233171823,1365.0538673836113,63.43880166412334,2046.622831629317,Low,58.02947350540387,47.231697119636955,0.0
Canada,14.995793331963347,1531.0477083569274,2292.034728263847,171.77242509862492,2493.984433374895,Low,34.09402856114923,34.77999796122373,14407.301637035465
Nigeria,14.949888872401191,652.0212094904873,2620.0670900919,141.86008357305917,919.1272192212698,Low,25.772875203565555,8.456137174148969,0.0
DRC,8.375932413479148,389.3605258654691,1245.1344022739547,291.74157224130346,92.23006911782693,High,72.21171088534439,20.959979224328727,14468.689156023833
Indonesia,11.557912486189606,284.687683910102,1682.0022147285897,184.51554544545763,2226.7150797565137,Low,48.70990733272909,29.77985207483832,5756.556282803101
Colombia,14.177009375248177,1771.0930621075354,777.8468893445374,108.10437976561154,2510.7265611519933,Low,81.63732099390194,23.14434902599635,18003.244308122943
Australia,12.75974612109343,915.6999130433587,961.562983557509,38.65825654194035,2234.4045892628815,Low,69.46330764805776,42.51398047138275,13433.275377890299
Myanmar,3.7854867159736454,1839.4402516690275,2511.4653472914465,49.61781447680569,471.40834753747384,High,79.71810879060264,41.660195211949514,11594.441325066713
DRC,6.813107616120393,256.8552179174617,962.4588778564436,71.46849433561435,2272.612370658059,Medium,40.39595295638365,32.532395904644964,5276.366572681078
Tanzania,2.0244752857572754,856.6968107934648,2028.0064893678866,79.03516509538791,2318.322207217541,Low,71.92691918457936,21.805607530971738,4880.730147821256
Colombia,14.315360306154963,1394.7791017008094,2598.0434113395413,255.93173706313564,1992.694521226662,Medium,39.804648852028905,16.490136819345985,25466.665794336637
Canada,9.132002053318113,1997.7355956135125,731.3184615937059,170.56072254334484,2310.042001746979,High,90.43013595877187,9.764344319590819,30543.68919968526
Australia,3.5067778020015945,865.0060070369678,2158.667880849601,159.4003188554381,2545.46824704931,High,67.72807111500308,20.97039575689493,5418.612161307544
Canada,10.108340197647266,1602.139303448822,1195.3446294742275,38.856817201419155,1860.1321370005023,High,44.338385013150656,23.59276327434738,17422.496719424562
Brazil,9.310110782822647,2226.346595766849,3385.0733132364976,258.74120953808335,311.3839062105532,High,40.21338967192045,35.41203162968331,11293.536971264428
Brazil,5.436624498689323,1578.071651637531,1898.9915048317666,218.2302194465027,1488.502038518272,Medium,34.319493880373265,34.617192093390805,18824.856094288334
Australia,1.7920081237744725,659.102739408721,2898.57690430299,24.962166760500466,279.0655372812349,Low,72.09807191702959,8.154866283856563,0.0
Australia,10.106440614332714,158.56187573569125,2105.7022806844116,213.81135368278177,1252.251941545671,High,36.403670974844545,22.7866691944021,3494.8889777127724
Tanzania,7.85258474346652,2188.237297362232,534.5788518499394,165.3437741160806,1250.9641429206015,High,64.64774494456168,13.180049024781287,27747.205414319065
Australia,11.607544036861025,151.04658604092913,2362.7692643414694,29.108976995299585,244.72904021371266,Medium,39.8476270194018,12.056571739256256,0.0
Nigeria,7.850436166568701,2199.2840144420784,3349.3503608406368,140.19868925095366,1079.020575209964,Medium,69.64767085954014,42.228596738176066,10398.717868296677
Canada,12.797504354746248,1369.4491216653087,2264.996642453627,147.98540470336386,377.44439143437876,High,81.12047964054044,6.886184752231589,12712.767210006275
DRC,8.323411897739835,2353.7624764309508,2939.48546422305,53.903489348166346,2434.2938695272055,Low,78.35189323584899,23.86322941559546,8318.332545538084
Russia,8.457975775877255,2017.079765856797,3141.040036380064,283.9809533650833,2845.679676595189,Low,77.06384981980864,12.56916450949332,29827.398717752436
Australia,13.16213867960934,2495.04186528001,1107.0472930416906,255.74273458679528,263.33360201091887,High,34.0791804269189,44.56985970553133,20020.20593302045
Myanmar,6.111894706564716,941.7083570841044,1057.3390037155027,202.36158951208697,2867.5898615105193,Medium,26.628871023838904,30.06682309737658,13430.144820860027
Brazil,2.096826903914547,1941.2518934347045,2294.0410654380744,141.37719049517912,1591.6009680433983,High,72.42116213655392,15.412128636958162,17735.756191550732
Nigeria,0.5288618770687508,1064.6341926621812,1674.1882564007847,126.47083476743,933.718749963928,High,47.626041034576346,27.609227922486937,12564.828253193122
Colombia,11.351545109536923,1251.7014887293813,3003.570038886833,197.03717280953148,276.7431220646823,Medium,52.42596698025105,37.91688618664021,4344.178706431616
Russia,9.342612315166622,1606.0131117240883,3190.0716825338345,165.90240147503712,1526.8415908077325,High,22.33618195950433,48.11531040137452,14746.452206549757
DRC,10.59078854467843,2196.825074047213,1495.6062758384262,23.370566235156257,2393.8208562477084,High,39.46823369562869,14.920070191043852,9873.639464842065
Russia,3.27316600648277,2461.8003260783084,1134.2987328208944,156.18828138724786,2135.9051079367596,High,22.525730290584804,44.87817974582053,24601.052631720704
Australia,2.13193498624287,1943.8561932748437,2819.629097255972,242.88906708368765,198.1667338187226,Medium,85.93893294509357,47.04368513753706,23166.77556540289
Tanzania,0.31671551845144075,1102.640277201601,1251.898710199222,140.47576389110262,265.0604143353154,Low,38.25475124138978,46.23892450394298,18139.282776780485
Brazil,5.323754626218295,1111.2568054649685,2950.104387392403,20.32719037850918,1238.4761837662795,Low,61.80028771797561,33.59364605878594,0.0
Brazil,8.889773534134033,1870.1975238133396,1713.5885863111648,236.95206881828977,921.1069574414327,Medium,22.923449049584782,33.341929449561846,35894.52317105539
Colombia,5.944436271986011,673.0651498439256,2469.4046878035583,64.40231573011245,735.5337530153411,Low,70.01355434792436,23.144478493272025,0.0
Tanzania,6.6183763381535625,365.1378715153472,696.1594728874713,81.29314629197144,878.9632717807051,High,44.227050931557045,38.85790470367046,0.0
Canada,13.571964547956851,951.0931783378637,2333.9639064973762,53.58837426252729,2420.2740927258096,Low,87.34393902182494,28.908230825791936,5654.423593539153
Indonesia,5.289006458647175,789.3735799697962,1800.4798040854103,102.41344413709177,2791.222758213969,High,86.60886417005268,35.48471320527325,4868.807643319794
Nigeria,7.75844338848118,811.1394890943762,2218.4862358439696,228.24169417814733,1245.0529488563209,Low,44.39679637713108,24.280605673195794,7282.690749246492
Brazil,11.776429889843032,660.6586025197838,920.8440440090766,158.21882855366152,2723.027456290866,Medium,87.5720671767851,37.91734088194126,15518.68953598768
Myanmar,6.008487456586925,201.0236551272685,2684.3086093269644,65.4399758744602,998.4123186812518,Low,94.71182551240841,42.101218292204706,0.0
Brazil,9.369091833395315,142.89744336019314,3074.6709403840086,263.95987305485204,1455.4891097141854,Low,81.9061748092961,11.589631547126725,0.0
Russia,12.949219260326503,2470.533735366476,1071.8933802814045,264.4766472107011,716.7855435571992,Low,83.36535108164217,42.48183720084026,32083.546519525917
Brazil,14.247857292498868,1126.6555209660696,696.7151221125014,261.82063538857204,1939.4043244187396,Medium,38.675655208181745,29.313343930563825,27423.789722038866
Brazil,2.2913948658426655,1022.383953183236,473.2796167436428,75.44488235755409,2937.994289765686,Low,63.25267991433172,43.00996590906009,10756.989496357884
Indonesia,13.906155614906266,1731.1534784633677,2390.1116513741244,138.11560653339149,1830.304633327967,Medium,25.044193547552588,24.40857678534566,21013.866083502275
Indonesia,7.432532766885119,623.809330876154,2281.9915118752206,295.57194856155814,1105.5515481349692,High,27.11884526162523,22.056821842236577,16425.37234117155
DRC,3.9478413856544794,2379.9068414805406,2094.761979413617,232.74368051144717,1961.0614656720586,Low,94.91694590249679,46.177732963275005,29224.681842922004
Canada,6.941122767950093,1987.228034597325,1119.0359979595237,13.014389261540146,412.61600147289334,Medium,44.49794370694332,16.302617039678058,17961.377427334723
Myanmar,14.702485371753609,314.5864055494228,1611.8085873070954,24.235354421845155,2671.544286782926,Medium,76.11379340366348,42.98955463787644,0.0
Brazil,7.440009600493757,1102.193861883828,2242.876639077136,141.85975615963815,1534.0976548005174,Low,80.49987897701124,26.780925762923186,10114.128244155343
Brazil,4.998398993283872,2209.8839381491953,1939.9772624634252,273.2199607291602,1375.581739016944,High,84.35174532554218,28.134294914806688,26759.29497800821
Nigeria,9.537672729319214,2367.3568534993847,3462.1351126661507,163.9170303960507,1778.3011259378816,Medium,94.82212230516174,18.88107266702678,16152.468994584668
Indonesia,3.678169719795077,1221.7636269996874,822.9632329258727,151.8546898701156,1893.1123952287373,Low,38.11223639426509,30.786899027855704,11489.120907738336
Myanmar,1.2303635888190925,1572.1873341056985,2554.9481175475407,36.11474148720602,261.7386283682134,High,23.026312014477476,19.63450383242951,0.0
Colombia,2.0203078564686736,500.88147062098056,1653.3881811233057,198.75013089366675,2063.720802609037,Medium,50.83936384959395,6.767123640874354,13724.914307174684
DRC,2.0078830004708093,2478.804702728744,1727.4188062694056,247.52043237706653,763.6984569308123,Medium,29.75605023717102,17.239937240496022,30205.948305835358
Canada,2.363350133333186,656.0120833202642,2624.5530735403463,117.22390221473088,2156.16026589444,High,21.681941687154133,5.287056953296581,0.0
Tanzania,2.168524872476211,2362.5562579243015,2546.552069105546,233.8054960229716,2476.4776434333803,High,47.03201203561146,49.025965417558545,25986.28301022161
Canada,9.649033697567898,1659.1519575816842,3472.893580476784,289.5206129007394,2421.677597279935,Low,78.78036883064273,48.45862444188864,11924.506109420929
Russia,2.810013257547258,1558.568307709262,798.0222973077882,65.11110544266828,1679.8778538532729,Low,62.46355184188032,22.781988386253726,11719.722351021337
Brazil,5.250442521525562,1330.4524264396207,722.7399130909157,159.38224120244868,1584.501182316716,Medium,43.45834919077655,37.77668844528407,17545.263766396594
DRC,13.462147307599576,653.6075481226209,2645.4503330990974,89.70569763494979,471.48408595126455,High,69.07565041195397,20.561274428469126,6706.870618655893
Russia,7.1620284399167975,523.6672768132198,2192.999442719868,238.89205361498261,2337.27114368925,High,37.4013635231608,35.199192068868925,1494.6139985111804
Myanmar,10.046610303963305,629.1669017684209,1249.8980663353982,175.39004293494148,850.6576723178074,High,21.07860845540638,41.24435193706906,0.0
Tanzania,2.667566080904285,547.4518291462109,646.2000438658584,192.2018131773396,1515.2514973129423,Medium,77.32650398273205,47.60403101115083,11566.398391387995
Indonesia,2.965106380249195,1971.002736560208,665.5405737489347,240.38467708668875,888.6085741361743,High,66.78073136480069,23.00955241323524,36118.47987331178
DRC,0.7089423823705351,940.3006220001522,3171.9917114587665,121.81128943542419,444.7936708490948,High,77.172696837572,40.248409233022144,0.0
DRC,2.617132439775252,238.82242375215128,994.788706628103,274.95157018007774,1907.1952058306229,Medium,22.92035125157492,16.966780278445345,5948.051731817772
Brazil,4.250996051576183,2425.846312337947,1402.4518425581143,162.24351583761128,210.2795027275663,Low,82.7839720872989,49.564953670714175,29159.632567979275
Australia,2.737456215723528,2221.086123912222,1102.634846903663,51.596672736427664,2258.50344067229,Low,66.46446500272275,6.159631944395802,34120.98976888364
DRC,1.4216677529801287,2326.605479668511,1500.4885480790056,210.2902398597967,986.8810460202942,Medium,62.25465130344801,32.15879629255044,21354.705245752386
Nigeria,1.8974744793989522,2487.7787743514446,615.2139125128895,239.01209837928505,50.397344363231696,High,66.84605360858987,34.67776917430972,28773.034250832156
Tanzania,6.965603643687614,517.3485981267695,2009.0853518156382,98.44469473492036,1557.830960749828,Medium,84.83249351512731,35.9620500683358,4288.760608585267
Tanzania,3.1743724042463084,1050.980845366381,609.5989471358662,257.86788081463214,188.21313015642923,Low,64.02023799191804,10.417441045509005,28299.187098442148
Nigeria,5.527620929616324,1919.772341689819,2881.105174249321,272.3122601559011,864.7001955716535,Low,63.57127849161345,47.23384025629087,17194.455346566494
Colombia,7.600917335737368,1770.4494833291014,1124.5074539223424,86.68682377645364,2135.580637994363,Medium,94.30093677993244,13.153247557253726,11138.356075289114
Nigeria,10.386882946577543,469.35017521565214,2074.0369352739826,295.1388344509905,234.9343837845043,Medium,76.7547625301426,33.02390314579284,13551.647778672137
Nigeria,0.6857508836323741,2057.9994999774826,3128.2451714405206,46.50990077438373,2526.048552450207,Low,53.17203540883514,15.020423560538823,11933.63223007133
Tanzania,12.011214943744735,638.6573724079856,2417.7198440463017,64.59462217873454,61.26877184282017,Medium,73.05477500246957,18.824738765957193,8612.624495550403
Canada,9.455715803414526,637.1622755742953,2052.1691383091393,59.34632757521771,778.1304141456117,Low,49.192285376884136,29.590634377765596,3838.597565886061
Tanzania,1.3182095760381916,1388.7386149441925,1405.4346346576644,268.7269644523218,2235.6669656486106,Medium,37.16565968626242,23.773703835405943,25551.861371219464
Australia,13.116321499190981,1523.0558436200877,1432.3059304804135,198.01630293586376,982.9969417014551,Medium,64.76389076658197,12.210152043942783,18602.03493424993
Brazil,13.820998767924017,1492.206898810747,2475.4095611143894,49.870763550570494,350.58254479473993,Medium,89.61365735854636,12.692138108938174,19934.490791667777
Russia,1.01006160183747,319.5684097546117,3481.832019785619,134.89540841866295,1112.6900604612622,Low,89.6854640011597,23.816515467325985,0.0
Canada,4.225476957393335,2205.906070312913,2451.7014885330736,186.5129173955916,847.6601948343504,Medium,45.642895857911775,39.077734022397536,17435.875398921842
Indonesia,12.112399068916615,737.4401022128945,2129.1285938470774,29.62190507186807,2536.000111373637,Low,59.575809966627126,45.40840910815049,9044.702198078809
Russia,11.24906938671651,410.83581107873,2665.016581741663,265.3128286801649,974.3763568761723,Low,35.872692392739594,8.785744801672228,0.0
Brazil,2.849363188410022,2232.995391685545,1842.1373980795263,242.06304295525288,2377.350791739221,Medium,94.67233321241626,22.68967584017305,18825.54714795338
Australia,3.2193049177169835,2393.5635957514082,586.4412620624341,154.03599820510829,2681.0228271916676,Medium,93.58384309009519,9.51105036752945,32110.5294731526
Australia,5.620034331591591,2169.1062814370816,2143.12012922152,290.3023515014553,1329.7613877507622,Low,68.71316972805855,5.746661628466905,27543.292218799263
Indonesia,7.3193924793462175,2042.8385793397074,3368.6383819666785,128.2394888861544,2734.3322743704566,Low,80.3310544758105,34.77734071897805,11267.660054392405
Canada,9.31199609580141,1672.5807535336521,943.4391213087449,295.31254411576685,1163.088259191419,High,73.63251209627751,32.11022488849645,33952.86328307773
Colombia,5.596813229589609,1422.0576894619344,2539.0151615440636,202.03639964707,2894.031328645819,Low,64.48686642796011,12.33586012166988,9020.896150648481
Nigeria,6.991767270383903,308.76822378738433,1022.894434843075,192.22802560991272,313.4040973504401,High,24.00109977416733,15.521577489187885,8625.479965502494
Canada,11.237316978192972,1080.2877113696768,2061.065821866552,53.95669411225658,2076.706836184566,High,54.10732569144958,6.066848914003327,3018.07271752939
Colombia,0.6465797230699087,994.4524408295536,699.6969939048308,265.16868869986996,1506.7514193479396,High,70.6089726625558,42.57262425624817,17366.6505531078
Australia,3.8613104707259094,723.409081024783,1796.149902400374,131.10945793658146,1193.5639760941588,Medium,70.81487104127635,48.86107682218481,6624.059906509905
Tanzania,10.728908829679831,1836.2082728526038,2744.1063195752627,52.85885470583141,1916.5000423083727,Medium,47.98419638167877,11.095679155761086,12986.998773867172
Brazil,13.43858188153927,1290.1017641890498,1477.4717251408445,8.719218392848918,2126.378420321277,Low,90.62689899935229,15.416384619438416,19271.2675079618
Indonesia,7.7239938875234255,294.51091817835504,2461.226345910376,170.12792667332286,62.871645468411806,High,32.55177741775857,44.07842857761203,3019.022022925418
Brazil,8.028490930453204,628.4396846795472,2865.8948784481604,160.58288852618952,542.5116118042363,Medium,57.526958466167045,46.690870908028316,0.0
Myanmar,1.6968629689626633,1739.8210327830302,3274.2512403863034,217.20931859890177,2153.48584937124,Medium,71.8162982413117,23.883232226306465,13851.20857587498
Myanmar,6.766444265669474,282.7140627767204,1127.390453751906,267.62612564025164,2015.8369700557091,Medium,72.28518544188569,7.278011252108335,12989.064158790987
Canada,8.035997270179845,2142.896593717045,1637.8793390088551,28.424942469693708,2899.840140129598,Medium,68.64792175766117,6.7726325161768735,21401.299066240445
Australia,3.712810504157472,1288.3516648335383,872.4896413242941,220.79146465040688,2295.06148123981,Medium,40.64661600888951,30.82774397310547,21704.091666949636
Australia,4.111724141145776,1253.4077855839553,3476.698856690963,60.28652350878676,2854.7794878074474,High,31.715492651496646,22.680279900193057,5381.8191138793545
Nigeria,5.721534030258877,1521.7786831828423,3273.7030005653155,258.1622306813634,2122.4944795276806,High,67.69552451200332,6.289359240994453,15746.602176506474
Nigeria,0.39906084688812293,2079.234318220358,2073.867103869735,246.62373658918855,929.2540154863573,High,64.94765871045783,31.246357654065054,32496.614601117515
Nigeria,4.898979567189357,934.7420989652633,3010.303212566906,164.5341577207356,360.8265206400266,High,33.45170077169307,5.5086141465060114,1332.434235764209
Tanzania,3.2505753042485153,1727.2387661417524,2014.9697295433307,214.5216255938769,2356.38039686756,Low,72.88543591779225,40.431738116717284,20831.90070741195
Russia,4.979710547450928,1457.7567135898985,2333.1156328085553,97.73328338920578,1950.240203353952,High,54.13789938002423,18.78947702165172,13555.997799666704
DRC,1.8844557641068433,740.8678484066112,676.2857395596516,143.9945301851803,192.14873656022388,Medium,70.08204437023647,6.811610135415444,10468.467275166746
Russia,13.368856483024436,2208.711967252379,2741.338303540105,247.38288482458913,1112.148874407886,High,82.80253098276131,31.4758499442419,19283.58431513018
Brazil,8.944527557955325,2013.8224518566274,795.9117992692279,140.4832331660981,2872.559455678644,Low,32.729632143269235,22.89579864948746,21017.95564638969
Russia,10.218624555252894,1680.2844031802213,2960.809653782838,110.55048827100532,1526.1833798450937,Medium,21.43586509976275,48.82101860107173,4423.318043986557
Tanzania,11.85865145524934,2141.3961498261806,2824.287071778196,150.79267193883848,1326.5509512581286,High,78.43269397968402,29.488939812666597,19797.950160079905
Brazil,7.526788764042953,2181.5060823035255,2597.108563003227,249.3335294689794,1400.2138352199172,High,65.7273068864462,17.385763146665372,14093.973539888695
Russia,1.3951122925026131,1800.0711441160836,512.0971796267626,103.88637397440746,666.2040358152329,High,72.47296772165913,36.92474890852887,15028.883141807635
Tanzania,8.102887473096361,2108.831988072813,1339.6979034305186,56.25966997504442,1137.6861540511459,Medium,82.8616231241482,17.21714011442201,29002.395017838513
DRC,8.843932658511099,1773.9315080062806,1215.6489667236128,215.04413599758033,1140.949105162171,Medium,80.21082011183753,45.69094811334043,21194.118044807998
Russia,11.207048165346517,1732.337852224721,1516.4228631617093,248.66357274888412,204.4473095530436,Low,92.06901101966184,21.86248867283194,25936.587430331467
Tanzania,6.5317272388222225,1584.6673077164423,671.6925149678995,34.68805616444233,2314.3245041278587,Medium,60.19513091390887,29.744085324929234,8582.735148468668
Nigeria,2.0009465116539,1906.519934938339,3304.5692513962945,75.7628632630037,1278.688074116443,Medium,56.6371724494929,7.275789672090299,8500.232767983269
Australia,4.328260996400994,480.65225270337686,2116.7869462083663,46.8817369794932,2475.430666108449,High,50.141539991804756,24.175455707850386,0.0
Nigeria,5.509926216339663,2214.0898220774284,1347.125363039873,107.64271641673915,2558.5266033036914,Medium,31.52682821331534,42.45635928474477,13917.764582009266
Australia,9.724166895840858,2192.4244665885567,1630.6427029302786,137.85353877709673,675.3824613610412,High,62.94554246615168,41.254196241350385,29236.676551897126
Indonesia,8.604596739566787,170.19347928294195,1786.3278755649906,225.90376940417542,1989.1927724018792,High,40.77593932444841,15.094335148408682,11201.590700251047
Indonesia,5.405841215877909,2081.9602013554304,2261.8424334179135,197.08853754009385,1443.2313222807961,Medium,89.09806341597316,15.173558195475321,21500.98467237854
Indonesia,14.799077207015397,409.2876819362685,1998.606225859143,188.17392740613718,2646.462376868381,Low,63.739310320782316,41.77873904959566,10417.816533386853
DRC,9.126044808417618,904.2852502219406,3250.1151169646937,108.95060924984804,686.4350035705396,Low,64.46301353810827,46.86792890761965,9690.161224667387
Nigeria,3.634679196866318,1884.4198150998586,1940.5867970080737,253.22702816000418,2049.5489409146303,Medium,46.61934956577575,9.29124145728516,26971.575726722145
Australia,1.6165588420440158,485.8237505159397,3475.6898459522695,144.02971438245854,1842.8687606455317,Low,23.89920139832806,25.252638774180138,0.0
Tanzania,2.3776011738465472,2063.1208578857495,3039.417369009797,293.83595671447057,921.1393588369067,High,22.38078240297415,20.185442553390303,21792.091524037813
Brazil,3.7647701529291715,2097.1220270985805,1046.382594507741,192.07193079724237,452.9726657709592,High,51.75013581148981,44.18098049558477,30142.89473695011
Tanzania,2.4941524615673796,1317.9225610260069,3284.8451653961406,42.248098761528304,1972.337293407966,Medium,26.342403357292838,8.758621160600844,0.0
Brazil,2.879848658364456,115.32609212040059,760.7358334449759,204.47238081225302,2228.8625014903755,Low,65.51352166551044,14.500667415111684,8155.427098749857
Myanmar,4.3479180135383215,788.8915196197906,2934.094096322694,100.9056845523512,981.1006641018824,Low,86.07297542297431,38.861075191392246,3100.3750809538005
Tanzania,2.683266569891847,1580.6246041017812,1579.9322097773982,207.46652302239875,1952.2561818658257,High,86.21861123890416,7.308223204154701,18497.145129620236
Russia,13.461804826933735,2454.8468272658165,3121.7203933797155,25.544138707909696,1215.6361774539346,Medium,69.42840575991744,27.16409213214302,10470.927049985086
Russia,1.295482810358469,1616.3524648400041,3090.975739333096,56.59002396690802,2153.9603056837223,Low,35.84238736046983,24.8948165605874,4614.352094068925
Canada,7.915219704596795,723.5285945539835,2898.3687403646254,257.442491377207,637.6850609374567,Medium,84.7247623519154,20.04805305449369,13910.347436099864
Nigeria,6.214912722145956,1621.6136874390672,2849.09435255189,72.01796932193689,2676.1342577767145,Low,86.45700764849062,22.75575418935157,2501.9550393845466
Brazil,14.737441391938235,1395.964911318053,1344.5053312039263,251.92713194666732,897.8583095734602,High,34.749018871471904,28.847326411860482,24671.84213416473
Brazil,1.76937964230398,1971.6289483627447,650.8497774588818,87.38644609405108,1134.968663880651,High,75.3069564328008,12.261531127477241,27049.55365803697
Nigeria,6.0280484257815505,356.7535331847002,1649.2385541720005,194.65016346731875,221.37125863703187,Medium,41.48896616953422,30.739814522761677,10227.57976592301
DRC,14.545109455802995,1926.4669660048671,937.9259964581769,209.77441918540015,378.96102634776537,High,80.19802342646972,41.244454818499385,23435.96943877444
Canada,12.996056175820305,1399.0397888226646,2554.3483755976313,156.23315217779063,1571.792613001368,Low,94.7928424927702,39.20724184055716,3410.690816356442
DRC,12.27437385714427,2411.180809261587,1472.9091522671351,95.06664962553573,839.3983963475159,High,22.251950399704462,11.925495711219815,24966.655686605223
DRC,3.942752122969604,920.4931984928467,3424.391622665736,67.73009102947336,2514.666665939473,Medium,87.30243993431989,11.716226138366325,0.0
DRC,2.646225052111981,1618.2925435214754,2387.013439770529,14.790859595915736,93.34549653211383,Medium,66.69729001989936,17.0678465485211,12010.203090570538
Nigeria,10.062783976874021,2336.867453224042,2949.689747266519,94.66418836601352,1168.3274435822118,Medium,93.00369643736158,21.248362685346674,12640.861967281655
DRC,13.947702238001028,346.0233471776302,810.8264854997301,197.68302320672848,1045.1693629688234,Low,54.87571381448207,23.380501163381716,14737.115500330343
Russia,8.395767105907554,2349.3483693674825,3072.24489504513,281.7999214423024,107.01651120692306,Low,83.55409479285302,35.586374757500536,30000.938695446945
Indonesia,8.617029073101508,1750.925733521952,3260.5472905915226,262.0053222676003,416.88677705150513,Low,24.679555144870793,7.550619447462593,14570.625044741297
Myanmar,4.271688495538234,262.80894185241254,1909.8919483387012,230.98910907791426,1270.245891009974,Low,45.14592875587218,6.560271690172987,8067.110509726579
Brazil,11.56544470455986,822.312560672359,2279.38410702803,237.5919662597231,1503.9505241199677,Low,25.026240331340748,22.635975332475905,11366.422882130291
Brazil,2.886951853507098,1799.6130127486758,2770.910382799286,201.17054652541862,1242.6547544018638,High,93.15073501093029,36.37236614620912,12887.279944940921
Myanmar,4.922820622423231,261.64144352505207,941.9997445072789,81.78462298197088,1616.2661513156768,Low,81.27304304538775,13.704590433041716,7089.321164597341
Nigeria,6.43900293538461,1497.2091044230558,1957.9548370366715,272.6225340582198,1805.6384409717605,Low,83.9410565934478,33.867701656531324,29444.166964266697
Tanzania,7.66339464239838,930.1193366870962,1635.8553860941706,202.86603201222104,79.27527232711512,High,90.34739235754206,16.692266207313477,14086.659480450604
Nigeria,3.7119050129846958,1590.197242641945,853.7593757029722,170.3299861392298,1419.0807203878364,Low,26.3827614589839,44.873874896608235,13636.533005377307
Brazil,1.8110686886141327,209.78088115003084,1539.3567091037476,37.74189341797692,2892.3227606183855,Medium,48.9198194385,45.306047491997745,0.0
Brazil,9.198238632380326,2191.688334765703,611.33415909503,136.8813854228955,1581.1452263821686,Low,25.32761667830016,18.37792419265969,17566.963079417525
Myanmar,4.4005952432798106,2436.3735260257527,480.01691154340966,140.80569000456825,2048.749689003912,Low,35.80948261625215,15.349718928345823,36529.52532648678
DRC,8.760449499196923,2425.3068526856596,819.0154963799505,260.0462648091876,969.9983808548054,Medium,37.20243327782543,23.508678742980408,38096.903765391464
Nigeria,2.4000044575856148,1899.1643961830193,3385.656845926439,166.2612249553976,2333.2745655506496,Medium,55.1830408285684,15.823921333106693,9525.065846485835
Australia,7.268987517636781,412.20697631351675,2103.541561274553,117.21816194627084,2330.1183715345396,Medium,40.14216255902319,35.25727294812667,0.0
Myanmar,8.03558254501863,1919.8316702296543,3394.048699574982,293.1560969106445,1587.8233405797098,Medium,27.573358011332083,42.172910804672846,13546.60399908137
Russia,0.872170698654161,159.00859950112363,1740.7434228234092,37.662575031263124,2929.2407786736803,Low,32.56183168205808,35.289145891004765,0.0
Brazil,5.1154037450894165,153.0965236695934,1366.6300125643047,129.65178635202366,420.37313354982746,Medium,31.04566726640682,42.09577012622073,2658.8125045680904
Myanmar,2.1027786863907165,876.6645259588989,1969.0397748047567,17.397279175564563,99.99561142426393,Medium,92.98075984342238,22.864647299336337,2959.529855638004
Nigeria,1.0442870600442395,1272.7436569711979,1762.4862347620215,223.27171562624446,2321.9667246834333,High,76.94693801888552,12.03426368189874,24094.159194649168
Brazil,14.850407462610184,1948.9778027387038,727.5605212114061,275.8325828987494,2431.1088352264037,Medium,92.58210989521714,38.207792632891646,28957.293574633775
Tanzania,4.903072290123372,1739.9089038556124,2386.5615755396393,87.61101221739439,404.6113259056999,Medium,52.98053648809314,21.221352731369926,3895.3085946007986
Myanmar,12.16712924323406,1170.166495304196,1069.7183657797586,258.21079465574064,833.4693572278879,High,40.877636124699244,35.20718713531096,14705.049564959714
Canada,3.8941457559800816,756.7039990759981,2320.7226601832717,91.20437798625984,101.77947193155529,High,79.871989790689,17.178977389179455,2804.68101064478
Brazil,10.254390561136546,2493.098800378507,2415.6233864342757,273.677197684955,915.2604018026658,Low,44.469043853086006,8.65533356630027,24227.411936725068
Nigeria,11.42739511235633,1122.835125366335,871.277044698809,227.41876156105127,2330.768528060081,High,42.45375302790112,49.666180796949355,18056.473971493775
Indonesia,8.97501723505688,1183.328858391221,590.1838440430713,242.4474991682244,1577.983556752108,Low,37.43794941558734,12.029067856876967,19857.714902978474
Australia,7.12648520939736,492.69717086000605,2820.3609168121634,10.311933902134077,1076.8819998464498,High,29.725923366817653,49.478944728356645,0.0
Colombia,6.236429620794301,2007.5429169998306,1825.3813136848926,289.02905533683764,1146.6309199736743,High,39.23472957625745,48.97759696549013,23642.188820241838
DRC,5.298137171490629,1764.8373418755727,580.307766066975,219.36794266074537,53.993195860631054,Low,46.648981135541575,40.721814675861786,25227.990770785316
Colombia,13.949984249292605,629.847070693025,3484.0855832262782,94.90157313890933,934.4115563174458,High,70.54956561092979,34.67403329368989,0.0
Nigeria,12.476229176037164,297.7145094780225,579.1197390887365,249.67142613335986,1957.053287831895,Low,24.69236316645887,31.001317261298812,10480.979045837921
Russia,14.478900968931038,1733.1983249793113,2554.6092094615146,88.04875353240433,2923.8736092582535,High,35.78802047490072,43.97456954200256,12151.07736563787
Russia,1.9520286299346166,1670.8269142747245,3449.404668316582,262.4623826720077,2548.8294396025035,Medium,80.67677302187573,18.024778472876957,16662.094435529787
Indonesia,10.989925380534299,755.8228647957023,1141.4583230693693,38.21121517152142,119.60514570431093,High,31.019144268782807,26.045654561819468,5400.90141405513
DRC,14.081272806633464,2382.072549400985,840.9730429303081,212.58736335093474,2700.753783790776,Low,45.69838598918912,32.872548621492584,25944.198113048275
Canada,2.800372685868336,462.53894027416055,776.2933122095296,164.50605061024854,2360.4353192309463,High,84.8494191393605,23.503571414127098,17663.579068996885
Indonesia,1.0907943837649847,1137.6035225022447,1340.152957459546,33.47766870765504,2352.109564534392,Low,31.6193983357582,24.236890434062058,18401.154806095783
Colombia,11.14269767442188,2364.6782084022375,713.2420141330047,76.3586793363575,1401.087489060536,Low,26.205262671364242,19.862810037593796,24728.804551653127
Indonesia,8.659649386380687,1107.3455606226935,2545.700159251809,8.659190701807862,1224.1156142157834,Medium,56.34034963100081,30.390431750804122,0.0
Colombia,12.643248773698254,1632.4622743938053,593.1045742031944,143.28654981202922,943.6014000579182,Medium,42.68146334589023,43.27585376068022,21949.384805525366
Brazil,2.1826084117317137,1054.2265551107062,1979.208597264348,93.8732519242001,243.79983391537903,Low,62.25562733628906,14.068777010284078,12156.854684013995
Russia,11.949482946712363,758.1164856368081,3489.760246944228,181.51545786783885,723.2943223064124,High,80.28536678626064,47.049486743904865,0.0
Brazil,3.1042470687113934,2461.5463551035878,2923.307835468658,92.68515327404207,777.4807231851727,Low,30.28613661145574,36.00894441867034,14897.270215147415
Australia,2.538473548698997,1082.4016151561032,2307.180258516134,93.47613789456048,1478.0273556450948,Low,63.55243134157137,42.04729457060136,7571.765376016231
DRC,2.547560389171795,2245.8380888299225,1349.3862244384961,224.241993625823,2254.9609994602474,High,57.91315702923979,30.028581168350524,34676.18341930472
Canada,12.237163331447594,651.8910541386068,2334.0770925040792,19.202136613614268,1447.7389937739424,High,30.805908950989966,40.078251564082855,609.9278435229562
Colombia,10.011438588373382,611.4512896601999,2033.82853812612,271.3540235816362,220.64112586912378,High,66.79988641467368,5.729017880276024,15601.407825154729
Canada,7.8936748290598775,174.72179892282725,1720.8584900601516,256.41784294539855,2875.4799129152016,High,40.523031339557875,41.827119115079086,5048.1658430020525
Colombia,5.446574213440187,1664.000380902124,805.2021678946184,202.0023815517899,2831.0367413276313,Low,56.58757389080094,6.806248658841493,26421.334039731286
Nigeria,13.170288058115313,984.4632249370268,3148.473067245447,180.00036318167838,2366.309152287805,Low,26.17042432077964,45.04610193632881,277.581166224697
Indonesia,5.9474321005972675,2174.4597996151288,1794.3324113461,268.22923695119744,2974.4173096144505,Medium,54.468804291021726,49.63832362573895,32046.092415137373
Australia,12.267331648126499,1235.7037760597373,1003.3297866443717,59.672402960970764,1656.2228817607756,Low,42.98476010321153,18.233035797955,17369.649982448467
Russia,6.6431101376962545,2423.6642269953322,1540.053987719598,28.29590284629444,2890.166633246958,High,81.67859083890158,14.464335032860715,23168.343042700213
Colombia,5.716471998431123,545.2612376874907,1683.8022328396737,75.65550012331374,273.0348698194148,Medium,24.273404524802622,39.44135137361183,0.0
Canada,6.993928806477136,2184.6956030934657,2965.3674762573105,239.40059221655613,1128.7582073710453,High,51.39554561887475,16.386185341411394,19513.37898883416
Australia,4.590530325045717,1963.83244670018,2674.204579740346,15.22772868431258,714.8747406199592,Low,54.38235680985785,43.950307242749155,17692.739760121483
Tanzania,11.239379764626142,1950.2124271457249,2784.8451702881534,176.92801634962944,627.7075981960966,Medium,74.37545572243391,9.627916647086451,14902.010686053487
Tanzania,7.590533812377939,2127.4797474805305,434.1969197288064,298.6540672764364,465.36869923339447,High,63.07156813176582,10.667983837071121,41178.63412118891
Brazil,3.559969157687578,1926.4575782631973,1690.0773943572606,257.43034768207417,1886.12024261969,Medium,70.04092528956357,49.0618199795277,27481.391944728894
Russia,13.50366114179107,1602.928771915397,1892.1668700695031,158.8264782678589,2354.89947445455,Medium,78.27869642388171,35.32275042215021,15187.45593261664
Nigeria,5.8199791984608495,414.9877064377302,459.4960581514757,23.77406823955949,1755.980278290064,Low,84.66522302436415,43.10992509930288,0.0
Canada,8.19893763059843,178.0628307790046,1205.420947109606,250.2551867437844,483.53999328521854,High,43.54066225418529,19.59482198081831,10630.50467999933
Indonesia,13.60643445337175,2310.0348347576482,2756.8984516786186,181.69865991227712,2442.815121303739,Medium,60.35170290229272,35.4417687284272,20666.844504896635
Indonesia,9.401146139118483,1579.9607548497713,825.040087759897,38.90523413257222,1926.066386132999,Medium,83.00810588293999,31.740882228886875,25142.5853501117
Canada,1.8417808065546248,2011.689498342823,2059.461407503034,32.68789902289008,1195.0888330746368,High,94.20883482237923,32.141755405532614,9979.284464616452
DRC,14.10349864184078,1255.65364363012,1067.1258032534363,273.33991173379474,2038.6843718313858,Medium,86.71394832828224,35.71396067919747,34963.16441431115
Nigeria,9.452849990764125,381.53965350974676,437.57440139606916,202.41407756673314,816.7196887663569,Medium,47.86004469682826,30.891162790809435,15078.082394841591
Australia,5.090093658390583,400.44590128612106,1147.7245185585784,249.6396057984429,1068.317015057921,Medium,34.63748879139878,24.307806618619967,13676.087479843218
Colombia,2.1751538826844703,1745.3566893495313,3425.2086402211667,264.2987755832689,2756.583237239371,High,56.70444030549415,17.416521247124606,12278.2350085566
DRC,11.93097532012741,1132.7341477587104,2884.7650468372676,173.67284385425506,906.9882917306901,High,75.62310888770317,39.58615989109409,9429.38324051696
Colombia,9.339084063334852,581.2593440808082,3374.6875973952037,157.64667376773718,1436.4653910659129,High,56.942680306497316,15.18225935014338,895.0241925799048
Colombia,8.048570270447192,1279.8269121794485,1912.3475361717235,131.97608604469212,2675.9163553182434,High,56.238564748525135,36.15594377694864,16209.129144730614
DRC,13.418999487459269,254.1014489803218,740.1822159002609,98.49924339838019,2137.777983289206,Low,82.86728158113505,15.499977019219699,1359.4729896952604
Brazil,11.850098447245507,1496.7313645945571,2098.6744158184483,133.20580845331997,233.49951718587312,Medium,47.10528343003898,33.13985764795042,19581.29477136069
Tanzania,2.3599557080179925,745.5841706442344,1808.5697371358788,233.29449844039613,484.5439806229625,High,84.48460061087343,38.6185220208063,14419.333579968858
Colombia,4.744658810153668,2014.1418415292517,3017.5069564928094,182.56741214946382,73.13269277715462,Medium,50.51036007137927,14.842125000794264,18738.709518979595
DRC,3.80248818323554,844.8687014165771,704.0560004311583,268.2943705366796,1911.219281176032,Medium,44.61748292587546,7.697448538758873,18576.938719096423
DRC,11.184799759332886,1192.5283577963228,1913.5475247675124,135.79710424186038,1370.636604960734,Low,54.04924333997742,10.893818434737835,6128.165275022757
Myanmar,0.5996332775631128,127.88929577944153,865.1508605513511,184.09142572203243,446.11081016171283,High,77.18352190061513,32.26986352719615,8836.838735174171
Brazil,8.591356304582616,273.87253070694135,1406.495373359186,191.23572816213667,2875.905657117473,High,29.450152089799573,43.2250882801581,7088.017160190395
Russia,11.460634417536289,1041.9845353760436,2685.806939902179,179.55066288036602,1612.4961856395787,Medium,34.731441190401306,7.024856955594096,83.14569340742855
Myanmar,13.163807987750067,1251.8532033210963,1875.6562010431762,212.27696306022733,763.585217633023,High,91.3583619247319,38.036806656874084,20461.277064574027
Myanmar,5.197018055867021,1540.0493154863289,1565.253683951885,75.04287317056786,1526.7805349063872,Medium,33.161872053601805,20.359339067752344,17303.847724723215
Canada,12.336733839612991,799.9901889023278,1622.8764635671096,156.14731437600824,2054.879981568568,Medium,62.57954884482909,26.533776646378513,5921.948636227381
Tanzania,1.7484128806325878,1767.9565267037021,1824.2849820585586,35.74631682846257,274.9056930220152,Low,63.44858499964534,46.79867974305046,7135.98699679626
DRC,12.71213914684432,2164.293753254091,2833.5512858948764,118.43084165521971,860.3762543912813,Low,56.72183465376836,19.938717713113046,13583.571341069059
Tanzania,1.999581068746538,1971.6423733440395,3165.4625357147265,148.861785243273,2430.548198107781,Low,68.3558936432614,25.940162027276873,13502.352611259754
Nigeria,6.0195806293494725,195.08518083605713,3361.5375281621778,197.4061565659144,1406.0113676878507,Medium,37.23700443482139,5.61570866423065,0.0
Canada,11.97970095011535,1253.2166734187895,2839.400497391415,285.40666051293005,1662.40256899527,High,61.449670083256116,8.671942400217727,14144.398211521091
Russia,2.3337696674967296,351.83242820361966,1377.7613768188394,182.192064631765,1326.8072065179342,Low,47.91299414351728,16.63662160106528,8283.89894221535
Tanzania,3.515845788966358,680.9080380700659,2533.2175888682805,224.36020527208512,179.5048307968651,High,69.62504447218919,6.253350836948348,608.4093405010462
Indonesia,10.861563269056688,2467.9902238411514,1756.569684571715,154.34848755108482,538.9618504694599,Low,30.59176575298621,33.4118896721713,18265.753029180447
Colombia,10.828544394536507,441.98930296363176,1189.4789283427585,192.06068925601772,1364.347834288578,Low,62.81580626296072,24.187926056073014,0.0
Nigeria,9.65309972999093,1297.3315682832545,3006.70189622036,25.925003759463163,667.097122953387,Medium,33.89527665374928,29.666534122760993,4965.640831583738
Brazil,10.43983182255979,1583.573762363486,519.1216817832075,80.04551634834486,197.43813454605228,Low,40.89822973362773,12.85912336533483,18545.487027232146
Russia,8.186594205879183,1785.9159293058494,3195.462175619813,111.74666249551592,2538.76650895288,Low,36.40323502426874,18.316941324647726,13800.53424778907
Nigeria,3.8518059777135965,1443.1568403685937,1830.5801403366759,144.3855397269215,2944.5179610341415,Medium,33.71283349016129,34.872101368372626,7820.639713996511
Colombia,5.2508703032084,123.45003380604078,2375.3245781056694,18.466379923203203,2389.7714782903813,High,81.92832136705002,48.43862256336799,0.0
Canada,2.8058059803412427,883.5071397855805,2443.9971588379267,46.30710877822872,2568.665519028768,Low,41.428067574566775,7.268754812099414,1247.4156003976175
Colombia,13.635913363871062,1342.5079441233074,3174.864996190263,86.6602207984352,763.8325344352838,Medium,89.5342836398337,45.067294438486975,1760.8815352484567
Myanmar,8.792537742015195,310.8795979476,2373.6760147183427,291.60214381580994,2883.849577763939,Low,92.74448940088932,30.959654059004382,835.7187863674999
Colombia,6.0726861097782345,941.5046349020338,2303.1941127561913,102.74736709539998,630.9308281376137,Medium,62.8445352452823,30.376380504003066,13651.136878043635
Myanmar,6.983886474297576,179.68746109927974,606.6213257381389,147.20211214306434,2856.717940567405,High,30.72508419992948,27.512534084349216,14042.04282180346
Canada,14.214521760216048,288.5883931720498,2007.0648680301326,62.848825257825915,2984.7169171995556,High,48.09111825346859,8.122733865688252,0.0
Australia,2.384935906429595,1052.6158628838307,865.5239025328292,185.18012096735163,2149.5822769508436,Medium,79.82991975111605,9.04445832812723,20403.58098292326
Myanmar,8.83482449705028,418.5178097033448,2686.0446830366054,87.80154857721242,2944.3740087858746,Medium,47.55430465228028,32.041040254658874,0.0
Brazil,7.637741315378543,1462.0980358277395,1987.8879545192908,66.06281063933591,1730.1423497229557,Medium,26.526291372709156,20.343135714600123,3803.4518437052748
Colombia,9.210668107976252,1754.7159259294378,2508.706115545895,157.38892539156382,815.6482603694665,High,61.758868319614095,46.27706299599563,23862.148525516586
Colombia,0.36984173893052363,2021.4080778617988,529.1859918673913,6.624210752324142,1339.1378627135816,Low,83.38406386220261,23.29657418117625,12124.038865734305
Brazil,13.094646243267857,580.3605861875442,662.8552497419901,7.260889631521472,1801.0047593674185,High,79.69447903576267,11.447665641618848,3815.6899809588704
Indonesia,13.988562409005825,501.9581974217674,2620.602502994315,69.62529868504804,265.59060797969425,Medium,33.134235509776495,37.16234750759162,0.0
DRC,8.520484435479213,350.9628168025606,623.4614415958874,15.832801937742238,1885.912630620876,Medium,70.457346080935,18.200903964845445,11553.864332797762
Australia,10.480097275765695,1627.4325989047281,620.8958560723016,36.86759746855395,2944.474618448769,High,36.53781975767353,28.646163831015194,20592.30444602377
Russia,13.845240779541706,1795.5417435685629,437.5362732281511,104.96389155493172,610.8175668619965,Medium,36.36556509141292,36.40247534773265,13745.648727197251
Myanmar,10.63785565126964,175.8067475815409,3365.154334728388,241.7627754760448,2388.1555930507307,High,85.55538299788888,45.511885004093166,0.0
Brazil,2.372831739422494,2346.9093909848557,2686.2759143229214,173.75434979394376,2728.3014416498772,Medium,38.72517145551726,40.648603766075425,19992.487963418458
Canada,8.686696566485516,224.73108076353378,1495.0793663563989,156.23697915714283,2833.9196988196513,Low,39.74355098885084,35.43624805427258,2634.3777868787984
Myanmar,9.140054191104552,1399.111204722569,1319.2603019917312,91.57920284639589,2882.400032996069,Low,20.049004307097466,35.58349320778146,15674.28634645126
DRC,6.419547002405552,1801.7452466821994,1484.0800122121336,279.86734723268086,1588.3059342283423,Medium,85.30017755941383,47.56660898144389,20103.890455397897
Canada,11.07301911080837,2190.3258969906055,2801.4259466616636,122.11943716497154,2933.058328574936,High,79.4446109906851,18.31208438734412,14342.259861883516
Nigeria,14.02206852005832,1813.8086371178267,2450.248894318285,30.69236620475259,2284.0651110465947,Low,67.04967013180085,5.050044238828433,11827.044054843875
Colombia,13.890970842310967,2024.1473993675004,974.1062603891506,187.03462225475138,526.9307368990376,High,76.26993229541317,17.23795517291894,30408.650199132422
Nigeria,6.817506633921568,914.6804621027345,939.7389395356615,38.582326075597415,1456.8553140805116,Medium,31.403642556836886,14.805112083203479,8066.4328713800005
Myanmar,1.7872468830272534,2055.5802729916295,705.0265141115317,106.84082712649916,2169.076967347412,High,54.37426959406816,34.78255633012992,22561.978602004143
DRC,14.774133864538785,292.27563132322035,2446.938431074148,154.6865219217536,779.6539316662959,Low,46.341454051158564,33.51702198944881,0.0
Australia,12.599581488044418,2247.5599745452664,2769.5552528873814,262.89564478212685,1939.8147914692177,High,27.033239469276236,31.705762221712572,26285.63851608657
Myanmar,1.9574739499286762,1414.221702768967,1221.6439278075125,150.59624120033502,2016.4714131875267,High,56.45978639111931,5.730954944425417,17427.106961029735
Brazil,13.820544050998848,2061.514647909985,464.9293791958297,212.16633597934097,529.9642442352693,Medium,89.05547377569765,37.79501245027914,26361.242868156034
Tanzania,13.061455794725711,1185.5638828439203,654.7321691769248,297.88096750472573,1717.0016717356311,Medium,23.004433928802086,19.55886856184712,17998.671455930413
Myanmar,7.830687051178474,1644.5864684716598,3400.3661080195943,43.78929036990458,2326.2993873868927,Medium,41.85956851203454,34.9275195052984,0.0
Colombia,8.910003992599446,1363.3663862466717,1315.8788101800028,86.04580002825826,1521.7422103810286,Low,35.56557021542776,30.0460292825969,19701.431011889217
Colombia,6.045140287664941,1855.8148522127965,2784.5917582982142,121.39994230130569,85.70419448951691,Low,37.860999024927224,20.422891644255824,15878.325994512219
Myanmar,0.9159484184482669,295.91195687341497,2336.457063448218,129.43931266895527,76.66348378391191,Medium,88.13259139095315,11.05593201968485,0.0
Canada,5.094438900523923,244.84500157735312,1584.0128829239773,126.251217203336,1103.236564711536,Medium,55.10517906757176,9.248850394721643,225.1394075271778
Tanzania,12.06251638411037,693.0477616243514,1037.6305128062208,272.7452457541837,2782.272501873757,Low,54.97245597048641,42.41832499005006,14159.1109791994
Brazil,0.1690171427685826,482.907232271652,776.29789629416,215.63963011772265,724.5964998306458,Low,77.04317318414617,46.32788939367011,19507.045080567288
Myanmar,5.069137658198048,2192.280559821284,2306.5402009204863,184.33203815675762,1921.3728821714772,Low,31.586915300369434,34.24046210439348,30076.481501333074
Canada,6.0327135345050555,626.1135696593063,2801.3647199771426,96.26495176952072,705.1238185452956,Low,56.544901557503806,9.654535168721752,0.0
Colombia,8.10719448377505,2442.076613965915,2396.103185977505,248.01816334528192,998.9264694956685,Medium,52.248891059079476,23.09122475997083,32100.702712086655
Colombia,13.805848684550131,908.5499002506564,2043.9366130723909,286.74285088807176,2551.724164324378,Low,64.7683017909992,37.80226400473207,15286.07211207262
DRC,5.260555316052822,537.0829976528782,530.0487926380724,247.25349335231684,2200.1412546963434,Medium,94.96682774378289,40.09193978045307,16870.120863715416
Myanmar,5.269602708253792,1995.2764171419499,3402.3152105425897,5.461706031484507,331.42786807397135,High,77.70866705615353,10.319838003098987,13066.604846114995
Tanzania,11.088768596835251,1680.8986612021026,2876.0139941291814,192.73840420410508,1314.6709619099793,High,49.83992772630704,5.001382348042209,13510.2060796557
Indonesia,6.838047319258126,1295.6697194875335,1307.7483137729907,20.08493752541971,136.05080275353018,Low,82.06647892055352,37.04616706462723,11366.019066171151
Tanzania,3.4466118618057315,1432.872522250315,3437.908021012437,80.99412999844795,1468.6259324788766,High,32.80312724843601,21.046827919379254,3414.3550993736717
Colombia,6.841348790377132,1826.0842678534332,2265.8329278725987,22.55978660259265,2004.1803345181509,High,22.28477647317201,16.45165992282171,600.2138301988743
Colombia,2.198769603659018,648.291379195117,2205.5102404424642,183.11965862006937,399.5827396145471,High,35.33362793482048,5.580386140528645,7113.410102367239
Nigeria,2.7281660989427277,2491.2013985361805,2719.0268562315496,207.544024480319,902.2105697820388,Low,45.53086670856948,29.313473304267486,20246.54680727593
Colombia,7.525679813818248,2439.5035891522793,2916.486343079426,38.77385322944201,1223.6180452313629,Low,58.29355680946699,43.30178309416918,6394.337841153666
Brazil,6.341989197617764,1660.7816472326485,2435.083682727658,118.23247049826895,2762.6165227353467,High,66.13468554058998,48.09342408226645,9742.37674757553
Russia,13.731203925914691,578.9018822299483,797.09681373522,139.58977014188488,2980.102295497744,Medium,88.29542879108163,30.458522777598017,8804.941776265347
Myanmar,5.499669096837833,1732.5477818350992,1448.629268582945,113.87064141947039,182.48833203706678,High,58.239050716284325,28.150759748295236,22672.44776354997
Tanzania,8.750766419142847,273.276181550022,3277.059285010754,40.702375143131945,2294.9733743114066,Low,57.5956733469297,8.82753734701585,0.0
Russia,9.520737890001003,173.56600529393455,1096.308396715941,128.58959810530524,1146.5859958869125,Low,23.76822573672366,29.69927606941699,0.0
Canada,0.2951074031661712,718.4389324269129,1553.7177738962912,226.59752410348335,1207.751649376966,Low,22.618366449216786,22.09905855344276,12601.168956178404
Indonesia,9.986706843048987,1210.295096174359,1739.4383371270076,25.947261037310362,2275.0816713737167,High,61.336997143727906,32.32108763976096,0.0
Brazil,2.7527359063592964,2183.854012980113,1762.1554680528018,28.653104154161518,2759.3579748289553,Medium,52.863395993625836,22.4926856544446,12751.286085892303
Tanzania,14.419947730294881,1845.2057674391392,2300.112705733029,109.65753109161534,2855.239353782518,Low,82.9385296235224,15.813460555266504,6600.142912346577
Russia,2.3150746435213834,1882.4956508799546,3323.5350970085938,282.8090849275829,1752.5116288130464,Low,32.05096885338839,9.273437385276942,21909.32163576435
Indonesia,6.277899443532653,1121.1840026753807,1146.1474066807655,202.22893078325964,1103.5074199364833,High,21.87287465877872,19.171330006500305,14741.920170075391
Nigeria,1.3717100543717937,930.243982112711,776.654266532846,205.2076372184066,2373.2698032833987,Medium,53.67790759475944,9.349017542948854,17210.29835221478
Brazil,14.953426352504616,990.4930311630465,1012.1585185658057,111.76639729717017,790.4540806237858,High,37.81089175641931,12.960362787079276,16146.835935307976
Brazil,7.582705653935514,2470.3589529665387,3149.4671906487356,180.12993340651883,1714.0183850588774,Low,23.72107800041281,49.43012713607957,15063.038168490604
Nigeria,8.971236758068653,196.26205938995795,2402.0135192311386,7.988699288184296,1107.8064614983757,Medium,74.34487151357217,24.98466006079784,0.0
Myanmar,1.0994395130875696,2180.8755906938763,1286.3110466413964,192.64833369081495,1987.0616674382345,Medium,28.36947499679356,28.934229492725745,20579.06161164763
Nigeria,11.27441100894775,1488.8209805737442,2929.4355108027135,274.41964953498984,759.1767930358453,Low,65.62396250058288,44.31283379317469,10638.21499851179
Brazil,3.2275933371242282,1152.677006055017,3070.2469887266516,185.70917316172165,615.199189917736,Medium,41.07873126251668,49.80060052208095,2090.4412428490987
Brazil,13.481008912666635,1840.6183849963277,3024.194449939862,262.74108507257176,2758.8053056925396,Medium,33.01220377662665,31.22215022051067,14950.180013023028
Russia,3.156580643181907,1268.0054594192868,3248.6722542826187,218.57205136249766,350.32086470113387,High,48.48136421894881,41.561321946987725,6895.759146607796
Colombia,2.941247037888632,2196.2157713959855,1181.9471625374208,40.56473283908862,1542.5758278180483,Low,80.10843321672152,19.712346095150387,21927.072294220725
Indonesia,0.6445900509366137,2261.6844736270205,2740.629979113463,271.2237256493233,701.5157097408763,Low,49.40701826784295,18.7584780851281,19501.006930994845
Nigeria,7.133797482138989,1112.130224496293,1827.672441549834,24.60093408495359,164.84339181071897,Low,76.30772369082918,23.121667444755207,7100.381831773698
Indonesia,8.516132885612985,764.3867133641238,3010.195513959191,162.52040440159033,156.25551395970786,Low,29.411472259936303,35.26282682031421,4026.260409339028
Nigeria,1.0790587274824504,1521.6407886240693,2658.321099201001,46.93045151907001,566.9042277121906,Low,77.95785647488094,35.698626016479444,4270.949746274286
Canada,11.655361488755657,2289.6720294800584,2806.9870841491465,8.4534501656167,2606.9725457927007,Medium,37.76999936799865,19.185774559225287,6393.9345012837375
Brazil,6.8540036377456115,605.5892536135998,2434.1016968113217,129.5001067376535,883.3122947322287,High,70.80448474166546,10.99444658614829,2909.9190911119786
Colombia,7.913415012980942,1595.1198005523586,950.0291853560913,92.0370087579761,2853.854553197122,Low,62.433616613074726,33.457831540947886,16661.323699981953
Russia,6.667364929379599,1615.7445282220492,2089.583448580509,148.37014567029289,1765.785764318121,High,89.68585379087655,10.774663798494403,16920.37008292661
Colombia,6.071369607042357,1859.4712537966743,3452.4761925259754,175.2739665866925,1338.0118598178599,High,49.04918884814855,31.032162870319855,19416.837751415784
Colombia,8.438640936492446,415.7624443054235,3305.9030061410685,17.903026331139472,1761.2620622748912,Medium,24.962389162583033,36.20399576253391,0.0
Colombia,2.4130796643676167,1817.9799152370126,533.8385809707362,41.285972061504964,1574.26023641749,Low,21.436661416343966,36.527517337750325,15021.851886681354
Indonesia,2.8107291443795397,2281.6780495975386,910.9259287612551,169.79950695287548,2288.3899485841093,Medium,82.01439207295648,38.90624497968185,24758.10990229129
Nigeria,12.940605753101408,531.2394612885807,808.3591977091419,106.23436918593418,883.3633946199142,Low,59.355172824607415,44.2786739704549,4101.964111767112
Australia,14.197120385791127,670.1039798173064,2650.537720954416,220.10617882708715,1091.498655220892,Medium,78.14330388762119,27.49815463841548,0.0
Canada,5.662308812568319,2431.348225699935,2935.1345225565296,197.4260363346222,2687.5781924730895,High,37.581920000863605,37.8612135288307,25300.28710270161
Tanzania,4.134095629838951,534.3446865027754,1061.885235563083,254.4532870820225,2842.046713793696,Low,45.88128091349253,32.86277309146266,2966.7293719394165
Colombia,9.695593194261335,2150.5242240869898,1968.14334815067,209.28538386742147,2683.0467710851,High,22.25779041584892,13.398797290895715,25237.05249455962
Myanmar,6.190139149361636,1281.4668554752834,3006.17938683472,131.82966783009368,1287.371582174075,High,92.1119243430584,6.156034019123368,2798.2932089995156
Indonesia,0.4782566993391385,693.3545785676249,2671.684788775377,203.52515360635755,2352.078233870301,Medium,70.090093002561,17.80436235546202,3292.0562390734813
Russia,2.4266737007562367,2189.799763054027,2080.93533702473,86.23744640534846,1455.1904132382415,Low,89.99038158194797,24.93651678519287,14014.966505420538
Tanzania,10.767986209826223,1168.7326120063972,2230.077840422196,95.36248213957273,1517.7425638310015,High,39.91223055718042,32.76976749928953,13731.751239857196
Australia,9.917966734461254,1335.5616494312565,1975.917695440468,237.75062217663404,653.8063217189876,Medium,65.85977084192456,43.24816987264424,17420.93025962855
Myanmar,0.503730288301904,962.1600865594377,1322.400199088344,136.69375733846675,1793.8343946126236,Low,70.88749762194783,13.831057251777453,15922.80529094869
Australia,3.4073852128009467,1523.0820434438258,2151.56817786295,240.52220045291398,599.1008983723764,Low,43.816227519319135,10.64974054543147,24316.21068632881
Tanzania,3.543014469162264,492.4572942040546,2535.544436355281,247.61460023214212,1028.1158622482217,High,83.60819262617225,48.35659763634474,7952.853920768433
Colombia,10.111201879621053,1038.5956879642258,3107.301039168504,257.98088961007875,2572.339094778809,Low,91.03710971751859,9.862005171938321,4501.49060155317
Myanmar,0.3936870125400259,2426.58957360469,2372.503197335669,275.4073945731562,660.8736371720229,High,86.36413382720032,26.53209815482351,27661.459742263516
Australia,1.6512178715701504,719.5202384827061,2759.4767648337897,132.1406400514224,259.9169412616268,Low,75.43002319545295,31.350367795698585,0.0
Russia,12.01874967206052,1676.1679948991014,896.2220683591763,99.06571140473595,253.5723982078081,Medium,40.809850979371554,29.361848940834722,15940.629897376579
Nigeria,2.760315464609571,880.4561541392677,1830.8281707013487,176.7486302452636,2825.314335484168,High,41.12120315792238,8.871447066482444,9248.369331640339
Brazil,9.825917006992933,1956.3355016478415,428.92802146398924,114.49586491410014,1545.415291987412,High,92.25202403345284,7.566211130162872,25240.29066540574
Nigeria,3.6489234375962254,414.0967857240396,1164.7044800170315,182.31687920606873,1257.765611860204,Low,20.7713371951769,9.746754235746605,10116.975338415414
Tanzania,1.581676752114243,2427.570508188507,2652.031316850315,213.14782947992825,2442.0918139733594,Low,73.70374799316085,31.351445774267564,26670.573880327163
Indonesia,3.7232656458918663,1189.0948993207342,3474.610849183027,208.07948045518037,2515.6864873360223,High,72.96846219164466,29.495519943544448,6440.196754468279
Brazil,10.861777284649321,666.5211120315134,707.4521087203693,115.4931016709358,1029.9635476910335,Low,66.70171557123481,15.518335641653492,12921.001717936708
Canada,12.849877374783658,276.39219359203037,1644.6323791699936,54.22375950113208,2096.173269547696,Medium,94.25816345651494,33.69983638305162,0.0
Russia,12.470275982048175,507.41897221009776,2880.2200029673945,132.00615484635122,2324.8123067630654,Low,43.39095768227939,41.90303759250422,5149.025308032466
Canada,6.018034591314977,1347.4574765344423,1032.5104673495864,47.065272504163076,1981.2195262545658,Medium,45.49788978449361,6.871053193096719,9202.66630625122
Myanmar,10.054468534902627,908.8076234350871,2120.7633428370873,267.57862537922347,497.20547066029314,Medium,25.920455220991666,27.415847459661908,18626.7368688685
Brazil,3.1542660016957327,2089.3200781182627,2672.521017691992,107.03385091766793,2633.855096375318,Medium,53.20986024078031,36.01896854462106,7098.248586970864
Canada,4.467901180889097,1134.1300567883343,2309.5548958065547,50.565625430880516,1640.3289305712258,Medium,39.578639467613606,16.35403671813592,1607.1302573687733
Canada,13.455403695964684,696.9142542103118,982.87667730779,12.507089172196508,883.2936577915109,Medium,45.75400266332332,18.84969073819171,2397.8428260056653
Australia,0.2937286603099669,1581.147967849672,1501.6921629257922,195.51760395451285,1304.4231470411971,Low,82.59288426917207,32.613705634522276,21951.644563410933
Nigeria,1.3740771097315745,1796.26532052507,2829.7545319047313,192.88618364914925,160.8347166767768,Medium,90.16133851456217,45.40708820496816,20472.11389971549
